filter_id,variant,expression,layman_explanation,stat,source,layman
01F183,tens,"(sum(1 for d in combo_digits if d in {2,3,5,7}) >= 4 and winner_structure == 5)",Eliminate if 4 or more odd digits appear in the combo and the tens sum equals 5.,26/311,keeper,"Eliminate if condition holds: (sum(1 for d in combo_digits if d in {2,3,5,7}) >= 4 and winner_structure == 5)"
0F001,tens,(winner == 1),Eliminate if the tens sum equals 1.,0/311,keeper,Eliminate if condition holds: (winner == 1)
0F062,tens,(winner % 10 == 6),Eliminate if the tens sum ends in 6.,34/311,keeper,Eliminate if condition holds: (winner % 10 == 6)
0F064,tens,(winner % 10 == 5),Eliminate if the tens sum ends in 5.,35/311,keeper,Eliminate if condition holds: (winner % 10 == 5)
0F065,tens,(winner % 10 == 4),Eliminate if the tens sum ends in 4.,34/311,keeper,Eliminate if condition holds: (winner % 10 == 4)
0F204,tens,(max(combo_digits) - min(combo_digits) <4 and winner_structure == 5),Eliminate if the spread (highest - lowest digit) is less than 4 and the tens sum equals 5.,0/311,keeper,Eliminate if condition holds: (max(combo_digits) - min(combo_digits) <4 and winner_structure == 5)
0F207,tens,(winner >40),Eliminate if the tens sum is greater than 40.,0/311,keeper,Eliminate if condition holds: (winner >40)
0F235,tens,(winner==45 and seed<30),Eliminate based on a custom tens-digit condition.,0/311,keeper,Eliminate if condition holds: (winner==45 and seed<30)
0F236,tens,(winner==44 and seed<30),Eliminate based on a custom tens-digit condition.,0/311,keeper,Eliminate if condition holds: (winner==44 and seed<30)
0F237,tens,(winner==43 and seed<30),Eliminate based on a custom tens-digit condition.,0/311,keeper,Eliminate if condition holds: (winner==43 and seed<30)
0F238,tens,(winner==42 and seed<30),Eliminate based on a custom tens-digit condition.,0/311,keeper,Eliminate if condition holds: (winner==42 and seed<30)
0F239,tens,(winner==41 and seed<30),Eliminate based on a custom tens-digit condition.,0/311,keeper,Eliminate if condition holds: (winner==41 and seed<30)
0F240,tens,(winner==5),Eliminate based on a custom tens-digit condition.,2/311,keeper,Eliminate if condition holds: (winner==5)
0F242,tens,(winner==3),Eliminate based on a custom tens-digit condition.,0/311,keeper,Eliminate if condition holds: (winner==3)
0F243,tens,(winner==2),Eliminate based on a custom tens-digit condition.,0/311,keeper,Eliminate if condition holds: (winner==2)
0F298,tens,(sum(1 for d in combo_digits if d in seed_digits) >=5 and winner <14 and winner_structure == 5 and winner_structure == 5),Eliminate based on a custom tens-digit condition.,9/311,keeper,Eliminate if condition holds: (sum(1 for d in combo_digits if d in seed_digits) >=5 and winner <14 and winner_structure == 5 and winner_structure == 5)
0F299,tens,(sum(1 for d in combo_digits if d in seed_digits) >=5 and winner <13and winner_structure == 5 and winner_structure == 5),Eliminate based on a custom tens-digit condition.,9/311,keeper,Eliminate if condition holds: (sum(1 for d in combo_digits if d in seed_digits) >=5 and winner <13and winner_structure == 5 and winner_structure == 5)
0F300,tens,(sum(1 for d in combo_digits if d in seed_digits) >=5 and winner <12 and winner_structure == 5 and winner_structure == 5),Eliminate based on a custom tens-digit condition.,6/311,keeper,Eliminate if condition holds: (sum(1 for d in combo_digits if d in seed_digits) >=5 and winner <12 and winner_structure == 5 and winner_structure == 5)
0F301,tens,(sum(1 for d in combo_digits if d in seed_digits) >=5 and winner <11 and winner_structure == 5 and winner_structure == 5),Eliminate based on a custom tens-digit condition.,5/311,keeper,Eliminate if condition holds: (sum(1 for d in combo_digits if d in seed_digits) >=5 and winner <11 and winner_structure == 5 and winner_structure == 5)
0F302,tens,(sum(1 for d in combo_digits if d in seed_digits) >=5 and winner <10 and winner_structure == 5 and winner_structure == 5),Eliminate based on a custom tens-digit condition.,2/311,keeper,Eliminate if condition holds: (sum(1 for d in combo_digits if d in seed_digits) >=5 and winner <10 and winner_structure == 5 and winner_structure == 5)
0F564,tens,(len(set(combo_digits).intersection(seed_digits)) == 1),Eliminate based on a custom tens-digit condition.,0/311,keeper,Eliminate if condition holds: (len(set(combo_digits).intersection(seed_digits)) == 1)
0F620,tens,(winner == 2),Eliminate if the tens sum equals 2.,0/311,keeper,Eliminate if condition holds: (winner == 2)
0F621,tens,(winner == 3),Eliminate if the tens sum equals 3.,0/311,keeper,Eliminate if condition holds: (winner == 3)
0F627,tens,(sum(d % 2 == 1 for d in combo_digits) == 1),Eliminate based on a custom tens-digit condition.,3/311,keeper,Eliminate if condition holds: (sum(d % 2 == 1 for d in combo_digits) == 1)
0F634,tens,(sum(d % 2 == 1 for d in combo_digits) == 1),Eliminate based on a custom tens-digit condition.,3/311,keeper,Eliminate if condition holds: (sum(d % 2 == 1 for d in combo_digits) == 1)
0F638,tens,(winner < 6),Eliminate based on a custom tens-digit condition.,2/311,keeper,Eliminate if condition holds: (winner < 6)
0F643,tens,(sum(d % 2 == 1 for d in combo_digits) == 2),Eliminate based on a custom tens-digit condition.,15/311,keeper,Eliminate if condition holds: (sum(d % 2 == 1 for d in combo_digits) == 2)
0F647,tens,(winner > 42),Eliminate if the tens sum is greater than 42.,0/311,keeper,Eliminate if condition holds: (winner > 42)
0F652,tens,(winner < 8),Eliminate based on a custom tens-digit condition.,11/311,keeper,Eliminate if condition holds: (winner < 8)
0F656,tens,(winner < 14),Eliminate based on a custom tens-digit condition.,101/311,keeper,Eliminate if condition holds: (winner < 14)
0F658,tens,(winner < 6),Eliminate based on a custom tens-digit condition.,2/311,keeper,Eliminate if condition holds: (winner < 6)
0F662,tens,(sum(d % 2 == 1 for d in combo_digits) == 1),Eliminate based on a custom tens-digit condition.,3/311,keeper,Eliminate if condition holds: (sum(d % 2 == 1 for d in combo_digits) == 1)
0F665,tens,(sum(d % 2 == 1 for d in combo_digits) == 1),Eliminate based on a custom tens-digit condition.,3/311,keeper,Eliminate if condition holds: (sum(d % 2 == 1 for d in combo_digits) == 1)
0F666,tens,(winner < 11),Eliminate based on a custom tens-digit condition.,42/311,keeper,Eliminate if condition holds: (winner < 11)
0F668,tens,(winner < 11),Eliminate based on a custom tens-digit condition.,42/311,keeper,Eliminate if condition holds: (winner < 11)
0F670,tens,(winner < 10),Eliminate based on a custom tens-digit condition.,26/311,keeper,Eliminate if condition holds: (winner < 10)
0F672,tens,(sum(d % 2 == 0 for d in combo_digits) == 1),Eliminate based on a custom tens-digit condition.,1/311,keeper,Eliminate if condition holds: (sum(d % 2 == 0 for d in combo_digits) == 1)
0F673,tens,(winner < 10),Eliminate based on a custom tens-digit condition.,26/311,keeper,Eliminate if condition holds: (winner < 10)
0F675,tens,(sum(d % 2 == 0 for d in combo_digits) == 1),Eliminate based on a custom tens-digit condition.,1/311,keeper,Eliminate if condition holds: (sum(d % 2 == 0 for d in combo_digits) == 1)
0F678,tens,(winner < 12),Eliminate based on a custom tens-digit condition.,56/311,keeper,Eliminate if condition holds: (winner < 12)
0F681,tens,(winner < 7),Eliminate based on a custom tens-digit condition.,4/311,keeper,Eliminate if condition holds: (winner < 7)
0F682,tens,(winner < 14),Eliminate based on a custom tens-digit condition.,101/311,keeper,Eliminate if condition holds: (winner < 14)
0F684,tens,(sum(d % 2 == 1 for d in combo_digits) == 1),Eliminate based on a custom tens-digit condition.,3/311,keeper,Eliminate if condition holds: (sum(d % 2 == 1 for d in combo_digits) == 1)
0F686,tens,(winner < 13),Eliminate based on a custom tens-digit condition.,76/311,keeper,Eliminate if condition holds: (winner < 13)
0F687,tens,(winner < 11),Eliminate based on a custom tens-digit condition.,42/311,keeper,Eliminate if condition holds: (winner < 11)
0F689,tens,(winner < 7),Eliminate based on a custom tens-digit condition.,4/311,keeper,Eliminate if condition holds: (winner < 7)
0F691,tens,(winner < 9),Eliminate based on a custom tens-digit condition.,16/311,keeper,Eliminate if condition holds: (winner < 9)
0F693,tens,(sum(d % 2 == 1 for d in combo_digits) == 1),Eliminate based on a custom tens-digit condition.,3/311,keeper,Eliminate if condition holds: (sum(d % 2 == 1 for d in combo_digits) == 1)
0F694,tens,(sum(d % 2 == 0 for d in combo_digits) == 1),Eliminate based on a custom tens-digit condition.,1/311,keeper,Eliminate if condition holds: (sum(d % 2 == 0 for d in combo_digits) == 1)
0F696,tens,(winner < 19),Eliminate based on a custom tens-digit condition.,232/311,keeper,Eliminate if condition holds: (winner < 19)
0F697,tens,(winner > 31),Eliminate if the tens sum is greater than 31.,0/311,keeper,Eliminate if condition holds: (winner > 31)
0F699,tens,(winner < 8),Eliminate based on a custom tens-digit condition.,11/311,keeper,Eliminate if condition holds: (winner < 8)
0F700,tens,(winner < 11),Eliminate based on a custom tens-digit condition.,42/311,keeper,Eliminate if condition holds: (winner < 11)
0F702,tens,(winner < 15),Eliminate based on a custom tens-digit condition.,133/311,keeper,Eliminate if condition holds: (winner < 15)
0F704,tens,(sum(d % 2 == 0 for d in combo_digits) == 1),Eliminate based on a custom tens-digit condition.,1/311,keeper,Eliminate if condition holds: (sum(d % 2 == 0 for d in combo_digits) == 1)
0F706,tens,(winner < 19),Eliminate based on a custom tens-digit condition.,232/311,keeper,Eliminate if condition holds: (winner < 19)
0F710,tens,(winner < 16),Eliminate based on a custom tens-digit condition.,165/311,keeper,Eliminate if condition holds: (winner < 16)
0F712,tens,(winner < 14),Eliminate based on a custom tens-digit condition.,101/311,keeper,Eliminate if condition holds: (winner < 14)
0F713,tens,(sum(d % 2 == 1 for d in combo_digits) == 1),Eliminate based on a custom tens-digit condition.,3/311,keeper,Eliminate if condition holds: (sum(d % 2 == 1 for d in combo_digits) == 1)
0F716,tens,(sum(d % 2 == 1 for d in combo_digits) == 2),Eliminate based on a custom tens-digit condition.,15/311,keeper,Eliminate if condition holds: (sum(d % 2 == 1 for d in combo_digits) == 2)
105F552,tens,"(not any(mirror.get(d,None) in combo_digits for d in combo_digits) and max(combo_digits) - min(combo_digits) <= 4)",Eliminate if the spread (highest - lowest digit) is less than 4 and the tens sum equals 5.,3/311,keeper,"Eliminate based on mirror digit relationship ((not any(mirror.get(d,None) in combo_digits for d in combo_digits) and max(combo_digits) - min(combo_digits) <= 4))"
10F210,tens,(winner <13 or winner >35),Eliminate if the tens sum is greater than 35.,76/311,keeper,Eliminate if condition holds: (winner <13 or winner >35)
10F214,tens,(not any(v in combo_vtracs for v in seed_vtracs)),Eliminate based on a custom tens-digit condition.,0/311,keeper,Eliminate if condition holds: (not any(v in combo_vtracs for v in seed_vtracs))
10F310,tens,(sum(1 for d in combo_digits if d in seed_digits) >=4 and winner <15 and winner_structure == 5 and winner_structure == 5),Eliminate based on a custom tens-digit condition.,13/311,keeper,Eliminate if condition holds: (sum(1 for d in combo_digits if d in seed_digits) >=4 and winner <15 and winner_structure == 5 and winner_structure == 5)
113F223,tens,(5 not in combo_digits and 6 not in combo_digits),Eliminate based on a custom tens-digit condition.,18/311,keeper,Eliminate if condition holds: (5 not in combo_digits and 6 not in combo_digits)
114F219,tens,(4 not in combo_digits and 5 not in combo_digits),Eliminate based on a custom tens-digit condition.,20/311,keeper,Eliminate if condition holds: (4 not in combo_digits and 5 not in combo_digits)
114F246,tens,(5 not in combo_digits and 4 not in combo_digits),Eliminate based on a custom tens-digit condition.,20/311,keeper,Eliminate if condition holds: (5 not in combo_digits and 4 not in combo_digits)
116F195,tens,(2 not in combo_digits and 4 not in combo_digits),Eliminate based on a custom tens-digit condition.,14/311,keeper,Eliminate if condition holds: (2 not in combo_digits and 4 not in combo_digits)
11F194,tens,(winner <11 or winner >33),Eliminate if the tens sum is greater than 33.,42/311,keeper,Eliminate if condition holds: (winner <11 or winner >33)
11F212,tens,(winner <11 or winner >33),Eliminate if the tens sum is greater than 33.,42/311,keeper,Eliminate if condition holds: (winner <11 or winner >33)
11F342,tens,(sum(1 for d in combo_digits if d in seed_digits)>=3 and winner<13 and winner_structure == 5 and winner_structure == 5),Eliminate based on a custom tens-digit condition.,9/311,keeper,Eliminate if condition holds: (sum(1 for d in combo_digits if d in seed_digits)>=3 and winner<13 and winner_structure == 5 and winner_structure == 5)
123F328,tens,(winner<20 or winner>28),Eliminate based on a custom tens-digit condition.,263/311,keeper,Eliminate if condition holds: (winner<20 or winner>28)
128F222,tens,(2 not in combo_digits and 1 not in combo_digits),Eliminate based on a custom tens-digit condition.,18/311,keeper,Eliminate if condition holds: (2 not in combo_digits and 1 not in combo_digits)
12F557,tens,"(sorted(Counter(combo_digits).values()) == [1, 2, 2] and len(set(combo_digits)) == 3 and all(d not in mirror.values() for d in combo_digits) and (max(combo_digits) - min(combo_digits) <= 4))",Eliminate if the spread (highest - lowest digit) is less than 4 and the tens sum equals 5.,0/311,keeper,"Eliminate based on mirror digit relationship ((sorted(Counter(combo_digits).values()) == [1, 2, 2] and len(set(combo_digits)) == 3 and all(d not in mirror.values() for d in combo_digits) and (max(combo_digits) - min(combo_digits) <= 4)))"
132F197,tens,(3 not in combo_digits and 4 not in combo_digits),Eliminate based on a custom tens-digit condition.,12/311,keeper,Eliminate if condition holds: (3 not in combo_digits and 4 not in combo_digits)
138F561,tens,(len(set(combo_digits).intersection(seed_digits)) == 1 and sum(d <= 4 for d in combo_digits) < 3),Eliminate based on a custom tens-digit condition.,0/311,keeper,Eliminate if condition holds: (len(set(combo_digits).intersection(seed_digits)) == 1 and sum(d <= 4 for d in combo_digits) < 3)
13F558,tens,"(sorted(Counter(combo_digits).values()) == [1, 1, 3] and any(d in mirror.values() for d in combo_digits) and sum(d <= 4 for d in combo_digits) < 4)",Eliminate based on a custom tens-digit condition.,0/311,keeper,"Eliminate based on mirror digit relationship ((sorted(Counter(combo_digits).values()) == [1, 1, 3] and any(d in mirror.values() for d in combo_digits) and sum(d <= 4 for d in combo_digits) < 4))"
142F213,tens,(winner <25 and sum(1 for d in combo_digits if d in seed_digits) >=3),Eliminate based on a custom tens-digit condition.,306/311,keeper,Eliminate if condition holds: (winner <25 and sum(1 for d in combo_digits if d in seed_digits) >=3)
14F349,tens,(sum(1 for d in combo_digits if d in seed_digits)>=2 and winner<11 and winner_structure == 5 and winner_structure == 5),Eliminate based on a custom tens-digit condition.,5/311,keeper,Eliminate if condition holds: (sum(1 for d in combo_digits if d in seed_digits)>=2 and winner<11 and winner_structure == 5 and winner_structure == 5)
15F247,tens,(winner<12 or winner>20),Eliminate based on a custom tens-digit condition.,86/311,keeper,Eliminate if condition holds: (winner<12 or winner>20)
16F341,tens,(sum(1 for d in combo_digits if d in seed_digits)>=3 and winner<14 and winner_structure == 5 and winner_structure == 5),Eliminate based on a custom tens-digit condition.,9/311,keeper,Eliminate if condition holds: (sum(1 for d in combo_digits if d in seed_digits)>=3 and winner<14 and winner_structure == 5 and winner_structure == 5)
16F534,tens,((0 <= seed <= 15) and (34 <= winner <= 45)),Eliminate based on a custom tens-digit condition.,0/311,keeper,Eliminate if condition holds: ((0 <= seed <= 15) and (34 <= winner <= 45))
17F325,tens,(all(d%2 for d in combo_digits)),Eliminate based on a custom tens-digit condition.,0/311,keeper,Eliminate if condition holds: (all(d%2 for d in combo_digits))
18F258,tens,(not (12<=winner<=20)),Eliminate based on a custom tens-digit condition.,86/311,keeper,Eliminate if condition holds: (not (12<=winner<=20))
18F334,tens,(winner<12 or winner>20),Eliminate based on a custom tens-digit condition.,86/311,keeper,Eliminate if condition holds: (winner<12 or winner>20)
18F348,tens,(sum(1 for d in combo_digits if d in seed_digits)>=2 and winner<12 and winner_structure == 5 and winner_structure == 5),Eliminate based on a custom tens-digit condition.,6/311,keeper,Eliminate if condition holds: (sum(1 for d in combo_digits if d in seed_digits)>=2 and winner<12 and winner_structure == 5 and winner_structure == 5)
18F533,tens,((34 <= seed <= 45) and (34 <= winner <= 45)),Eliminate based on a custom tens-digit condition.,0/311,keeper,Eliminate if condition holds: ((34 <= seed <= 45) and (34 <= winner <= 45))
18F537,tens,((34 <= seed <= 45) and (0 <= winner <= 15)),Eliminate based on a custom tens-digit condition.,0/311,keeper,Eliminate if condition holds: ((34 <= seed <= 45) and (0 <= winner <= 15))
18F542,tens,(winner_structure == 3),Eliminate based on a custom tens-digit condition.,0/311,keeper,Eliminate if condition holds: (winner_structure == 3)
19F352,tens,(sum(1 for d in combo_digits if d in seed_digits)>=1 and winner<11and winner_structure == 5 and winner_structure == 5),Eliminate based on a custom tens-digit condition.,5/311,keeper,Eliminate if condition holds: (sum(1 for d in combo_digits if d in seed_digits)>=1 and winner<11and winner_structure == 5 and winner_structure == 5)
1F192,tens,(winner <8 or winner >29),Eliminate if the tens sum is greater than 29.,11/311,keeper,Eliminate if condition holds: (winner <8 or winner >29)
1F193,tens,(winner <10 or winner >30),Eliminate if the tens sum is greater than 30.,26/311,keeper,Eliminate if condition holds: (winner <10 or winner >30)
1F206,tens,(winner <8 or winner >29),Eliminate if the tens sum is greater than 29.,11/311,keeper,Eliminate if condition holds: (winner <8 or winner >29)
1F208,tens,(winner <10 or winner >30),Eliminate if the tens sum is greater than 30.,26/311,keeper,Eliminate if condition holds: (winner <10 or winner >30)
1F229,tens,(winner==38 and seed<30),Eliminate based on a custom tens-digit condition.,0/311,keeper,Eliminate if condition holds: (winner==38 and seed<30)
1F241,tens,(winner==4),Eliminate based on a custom tens-digit condition.,0/311,keeper,Eliminate if condition holds: (winner==4)
1F295,tens,(sum(1 for d in combo_digits if d in seed_digits) >=5 and winner <17 and winner_structure == 5 and winner_structure == 5),Eliminate based on a custom tens-digit condition.,24/311,keeper,Eliminate if condition holds: (sum(1 for d in combo_digits if d in seed_digits) >=5 and winner <17 and winner_structure == 5 and winner_structure == 5)
1F296,tens,(sum(1 for d in combo_digits if d in seed_digits) >=5 and winner <16 and winner_structure == 5 and winner_structure == 5),Eliminate based on a custom tens-digit condition.,19/311,keeper,Eliminate if condition holds: (sum(1 for d in combo_digits if d in seed_digits) >=5 and winner <16 and winner_structure == 5 and winner_structure == 5)
1F297,tens,(sum(1 for d in combo_digits if d in seed_digits) >=5 and winner <15 and winner_structure == 5 and winner_structure == 5),Eliminate based on a custom tens-digit condition.,13/311,keeper,Eliminate if condition holds: (sum(1 for d in combo_digits if d in seed_digits) >=5 and winner <15 and winner_structure == 5 and winner_structure == 5)
1F543,tens,(winner_structure == 2),Eliminate based on a custom tens-digit condition.,0/311,keeper,Eliminate if condition holds: (winner_structure == 2)
1F567,tens,(len(set(combo_digits)) < 5),Eliminate based on a custom tens-digit condition.,4/311,keeper,Eliminate if condition holds: (len(set(combo_digits)) < 5)
1F579,tens,"(sorted(Counter(combo_digits).values()) == [2, 2, 1])",Eliminate based on a custom tens-digit condition.,0/311,keeper,"Eliminate if condition holds: (sorted(Counter(combo_digits).values()) == [2, 2, 1])"
1F582,tens,(3 in Counter(combo_digits).values()),Eliminate based on a custom tens-digit condition.,167/311,keeper,Eliminate if condition holds: (3 in Counter(combo_digits).values())
1F583,tens,(3 in Counter(combo_digits).values()),Eliminate based on a custom tens-digit condition.,167/311,keeper,Eliminate if condition holds: (3 in Counter(combo_digits).values())
1F587,tens,(3 in Counter(combo_digits).values()),Eliminate based on a custom tens-digit condition.,167/311,keeper,Eliminate if condition holds: (3 in Counter(combo_digits).values())
1F589,tens,"(sorted(Counter(combo_digits).values()) == [2, 2, 1])",Eliminate based on a custom tens-digit condition.,0/311,keeper,"Eliminate if condition holds: (sorted(Counter(combo_digits).values()) == [2, 2, 1])"
1F590,tens,(3 in Counter(combo_digits).values()),Eliminate based on a custom tens-digit condition.,167/311,keeper,Eliminate if condition holds: (3 in Counter(combo_digits).values())
1F594,tens,(3 in Counter(combo_digits).values()),Eliminate based on a custom tens-digit condition.,167/311,keeper,Eliminate if condition holds: (3 in Counter(combo_digits).values())
1F595,tens,"(sorted(Counter(combo_digits).values()) == [2, 2, 1])",Eliminate based on a custom tens-digit condition.,0/311,keeper,"Eliminate if condition holds: (sorted(Counter(combo_digits).values()) == [2, 2, 1])"
1F596,tens,(3 in Counter(combo_digits).values()),Eliminate based on a custom tens-digit condition.,167/311,keeper,Eliminate if condition holds: (3 in Counter(combo_digits).values())
1F601,tens,(len(set(combo_digits)) == 5),Eliminate based on a custom tens-digit condition.,54/311,keeper,Eliminate if condition holds: (len(set(combo_digits)) == 5)1F605,tens,(len(set(combo_digits).intersection(seed_digits)) > 3),Eliminate based on a custom tens-digit condition.,242/311,keeper,Eliminate if condition holds: (len(set(combo_digits).intersection(seed_digits)) > 3)
1F611,tens,(3 in Counter(combo_digits).values()),Eliminate based on a custom tens-digit condition.,167/311,keeper,Eliminate if condition holds: (3 in Counter(combo_digits).values())
1F613,tens,(len(set(combo_digits).intersection(seed_digits)) == 2),Eliminate based on a custom tens-digit condition.,13/311,keeper,Eliminate if condition holds: (len(set(combo_digits).intersection(seed_digits)) == 2)
1F622,tens,(winner == 5),Eliminate if the tens sum equals 5.,2/311,keeper,Eliminate if condition holds: (winner == 5)
1F625,tens,(winner > 38),Eliminate if the tens sum is greater than 38.,0/311,keeper,Eliminate if condition holds: (winner > 38)
1F631,tens,(winner > 31),Eliminate if the tens sum is greater than 31.,0/311,keeper,Eliminate if condition holds: (winner > 31)
1F633,tens,(sum(d % 2 == 0 for d in combo_digits) == 2),Eliminate based on a custom tens-digit condition.,5/311,keeper,Eliminate if condition holds: (sum(d % 2 == 0 for d in combo_digits) == 2)
1F637,tens,(sum(d % 2 == 1 for d in combo_digits) == 1),Eliminate based on a custom tens-digit condition.,3/311,keeper,Eliminate if condition holds: (sum(d % 2 == 1 for d in combo_digits) == 1)
1F639,tens,(winner > 35),Eliminate if the tens sum is greater than 35.,0/311,keeper,Eliminate if condition holds: (winner > 35)
1F642,tens,(winner > 36),Eliminate if the tens sum is greater than 36.,0/311,keeper,Eliminate if condition holds: (winner > 36)
1F645,tens,(winner > 37),Eliminate if the tens sum is greater than 37.,0/311,keeper,Eliminate if condition holds: (winner > 37)
1F650,tens,(winner < 12),Eliminate based on a custom tens-digit condition.,56/311,keeper,Eliminate if condition holds: (winner < 12)
1F654,tens,(winner < 13),Eliminate based on a custom tens-digit condition.,76/311,keeper,Eliminate if condition holds: (winner < 13)
1F660,tens,(winner < 8),Eliminate based on a custom tens-digit condition.,11/311,keeper,Eliminate if condition holds: (winner < 8)
1F663,tens,(winner < 9),Eliminate based on a custom tens-digit condition.,16/311,keeper,Eliminate if condition holds: (winner < 9)
1F667,tens,(winner > 35),Eliminate if the tens sum is greater than 35.,0/311,keeper,Eliminate if condition holds: (winner > 35)
1F669,tens,(winner > 39),Eliminate if the tens sum is greater than 39.,0/311,keeper,Eliminate if condition holds: (winner > 39)
1F676,tens,(winner < 12),Eliminate based on a custom tens-digit condition.,56/311,keeper,Eliminate if condition holds: (winner < 12)
1F688,tens,(winner > 37),Eliminate if the tens sum is greater than 37.,0/311,keeper,Eliminate if condition holds: (winner > 37)
1F690,tens,(winner > 38),Eliminate if the tens sum is greater than 38.,0/311,keeper,Eliminate if condition holds: (winner > 38)
1F698,tens,(winner > 30),Eliminate if the tens sum is greater than 30.,0/311,keeper,Eliminate if condition holds: (winner > 30)
1F701,tens,(winner > 29),Eliminate if the tens sum is greater than 29.,0/311,keeper,Eliminate if condition holds: (winner > 29)
1F703,tens,(winner > 27),Eliminate if the tens sum is greater than 27.,0/311,keeper,Eliminate if condition holds: (winner > 27)
1F705,tens,(sum(d % 2 == 1 for d in combo_digits) == 2),Eliminate based on a custom tens-digit condition.,15/311,keeper,Eliminate if condition holds: (sum(d % 2 == 1 for d in combo_digits) == 2)
1F711,tens,(winner > 33),Eliminate if the tens sum is greater than 33.,0/311,keeper,Eliminate if condition holds: (winner > 33)
1F714,tens,(sum(d % 2 == 0 for d in combo_digits) == 1),Eliminate based on a custom tens-digit condition.,1/311,keeper,Eliminate if condition holds: (sum(d % 2 == 0 for d in combo_digits) == 1)
1F715,tens,(sum(d % 2 == 0 for d in combo_digits) == 1),Eliminate based on a custom tens-digit condition.,1/311,keeper,Eliminate if condition holds: (sum(d % 2 == 0 for d in combo_digits) == 1)
1F717,tens,(sum(d % 2 == 0 for d in combo_digits) == 1),Eliminate based on a custom tens-digit condition.,1/311,keeper,Eliminate if condition holds: (sum(d % 2 == 0 for d in combo_digits) == 1)
1F718,tens,(sum(d % 2 == 1 for d in combo_digits) == 2),Eliminate based on a custom tens-digit condition.,15/311,keeper,Eliminate if condition holds: (sum(d % 2 == 1 for d in combo_digits) == 2)
1F719,tens,(len(set(combo_digits)) == 5 and max(combo_digits) - min(combo_digits) == 4 and len(set(combo_digits)) == 5),Eliminate if the spread (highest - lowest digit) is less than 4 and the tens sum equals 5.,3/311,keeper,Eliminate if condition holds: (len(set(combo_digits)) == 5 and max(combo_digits) - min(combo_digits) == 4 and len(set(combo_digits)) == 5)
20F253,tens,(not (19<=winner<=25)),Eliminate based on a custom tens-digit condition.,234/311,keeper,Eliminate if condition holds: (not (19<=winner<=25))
20F259,tens,(not (11<=winner<=26)),Eliminate based on a custom tens-digit condition.,42/311,keeper,Eliminate if condition holds: (not (11<=winner<=26))
20F261,tens,(winner<16 or winner>25),Eliminate based on a custom tens-digit condition.,167/311,keeper,Eliminate if condition holds: (winner<16 or winner>25)
20F264,tens,(winner<12 or winner>25),Eliminate based on a custom tens-digit condition.,58/311,keeper,Eliminate if condition holds: (winner<12 or winner>25)
20F265,tens,(winner<11 or winner>26),Eliminate based on a custom tens-digit condition.,42/311,keeper,Eliminate if condition holds: (winner<11 or winner>26)
20F268,tens,(winner<11 or winner>26),Eliminate based on a custom tens-digit condition.,42/311,keeper,Eliminate if condition holds: (winner<11 or winner>26)
20F324,tens,(all(d<=4 for d in combo_digits)and winner_structure == 5),Eliminate based on a custom tens-digit condition.,0/311,keeper,Eliminate if condition holds: (all(d<=4 for d in combo_digits)and winner_structure == 5)
20F563,tens,(len(set(combo_digits)) == 5 and len(set(combo_digits).intersection(seed_digits)) == 4),Eliminate based on a custom tens-digit condition.,20/311,keeper,Eliminate if condition holds: (len(set(combo_digits)) == 5 and len(set(combo_digits).intersection(seed_digits)) == 4)
21F199,tens,"(not any(mirror.get(d,None) in combo_digits for d in seed_digits) and winner_structure == 5 and winner_structure == 5)",Eliminate based on a custom tens-digit condition.,0/311,keeper,"Eliminate based on mirror digit relationship ((not any(mirror.get(d,None) in combo_digits for d in seed_digits) and winner_structure == 5 and winner_structure == 5))"
21F216,tens,(len(set(combo_vtracs))==5),Eliminate based on a custom tens-digit condition.,152/311,keeper,Eliminate if condition holds: (len(set(combo_vtracs))==5)
22F340,tens,(sum(1 for d in combo_digits if d in seed_digits)>=3 and winner<15 and winner_structure == 5 and winner_structure == 5),Eliminate based on a custom tens-digit condition.,13/311,keeper,Eliminate if condition holds: (sum(1 for d in combo_digits if d in seed_digits)>=3 and winner<15 and winner_structure == 5 and winner_structure == 5)
22F357,tens,(prev_seed_sum > 20 and seed < 20 and winner < 20),Eliminate based on a custom tens-digit condition.,222/311,keeper,Eliminate if condition holds: (prev_seed_sum > 20 and seed < 20 and winner < 20)
23F282,tens,(sum(1 for d in combo_digits if d in seed_digits) >=4 and winner <20 and winner_structure == 5 and winner_structure == 5),Eliminate based on a custom tens-digit condition.,30/311,keeper,Eliminate if condition holds: (sum(1 for d in combo_digits if d in seed_digits) >=4 and winner <20 and winner_structure == 5 and winner_structure == 5)
23F536,tens,((25 <= seed <= 33) and (0 <= winner <= 15)),Eliminate based on a custom tens-digit condition.,2/311,keeper,Eliminate if condition holds: ((25 <= seed <= 33) and (0 <= winner <= 15))
24F554,tens,"(not any(mirror.get(d,None) in combo_digits for d in combo_digits) and all(d % 2 == 1 for d in combo_digits))",Eliminate based on a custom tens-digit condition.,0/311,keeper,"Eliminate based on mirror digit relationship ((not any(mirror.get(d,None) in combo_digits for d in combo_digits) and all(d % 2 == 1 for d in combo_digits)))"
254F555,tens,(sum(1 for d in combo_digits if mirror.get(d) in combo_digits) >= 4),Eliminate based on a custom tens-digit condition.,262/311,keeper,Eliminate based on mirror digit relationship ((sum(1 for d in combo_digits if mirror.get(d) in combo_digits) >= 4))
25F351,tens,(sum(1 for d in combo_digits if d in seed_digits)>=1 and winner<12 and winner_structure == 5 and winner_structure == 5),Eliminate based on a custom tens-digit condition.,6/311,keeper,Eliminate if condition holds: (sum(1 for d in combo_digits if d in seed_digits)>=1 and winner<12 and winner_structure == 5 and winner_structure == 5)
26F347,tens,(sum(1 for d in combo_digits if d in seed_digits)>=2 and winner<13 and winner_structure == 5 and winner_structure == 5),Eliminate based on a custom tens-digit condition.,9/311,keeper,Eliminate if condition holds: (sum(1 for d in combo_digits if d in seed_digits)>=2 and winner<13 and winner_structure == 5 and winner_structure == 5)
29F281,tens,(sum(1 for d in combo_digits if d in seed_digits) >=4 and winner <21 and winner_structure == 5 and winner_structure == 5),Eliminate based on a custom tens-digit condition.,31/311,keeper,Eliminate if condition holds: (sum(1 for d in combo_digits if d in seed_digits) >=4 and winner <21 and winner_structure == 5 and winner_structure == 5)
29F283,tens,(sum(1 for d in combo_digits if d in seed_digits) >=4 and winner <19 and winner_structure == 5 and winner_structure == 5),Eliminate based on a custom tens-digit condition.,26/311,keeper,Eliminate if condition holds: (sum(1 for d in combo_digits if d in seed_digits) >=4 and winner <19 and winner_structure == 5 and winner_structure == 5)
29F550DD,tens,"(any(mirror.get(d,None) in combo_digits for d in combo_digits) and sorted(Counter(combo_digits).values()) == [2, 2, 1])",Eliminate based on a custom tens-digit condition.,0/311,keeper,"Eliminate based on mirror digit relationship ((any(mirror.get(d,None) in combo_digits for d in combo_digits) and sorted(Counter(combo_digits).values()) == [2, 2, 1]))"
2F218,tens,(len(set(combo_vtracs))==1),Eliminate based on a custom tens-digit condition.,0/311,keeper,Eliminate if condition holds: (len(set(combo_vtracs))==1)
2F227,tens,(winner==39 and seed<30),Eliminate based on a custom tens-digit condition.,0/311,keeper,Eliminate if condition holds: (winner==39 and seed<30)
2F231,tens,(winner==8),Eliminate based on a custom tens-digit condition.,5/311,keeper,Eliminate if condition holds: (winner==8)
2F234,tens,(winner==36 and seed<30),Eliminate based on a custom tens-digit condition.,0/311,keeper,Eliminate if condition holds: (winner==36 and seed<30)
2F292,tens,(sum(1 for d in combo_digits if d in seed_digits) >=5 and winner <20 and winner_structure == 5 and winner_structure == 5),Eliminate based on a custom tens-digit condition.,30/311,keeper,Eliminate if condition holds: (sum(1 for d in combo_digits if d in seed_digits) >=5 and winner <20 and winner_structure == 5 and winner_structure == 5)
2F293,tens,(sum(1 for d in combo_digits if d in seed_digits) >=5 and winner <19 and winner_structure == 5 and winner_structure == 5),Eliminate based on a custom tens-digit condition.,26/311,keeper,Eliminate if condition holds: (sum(1 for d in combo_digits if d in seed_digits) >=5 and winner <19 and winner_structure == 5 and winner_structure == 5)
2F294,tens,(sum(1 for d in combo_digits if d in seed_digits) >=5 and winner <18 and winner_structure == 5 and winner_structure == 5),Eliminate based on a custom tens-digit condition.,25/311,keeper,Eliminate if condition holds: (sum(1 for d in combo_digits if d in seed_digits) >=5 and winner <18 and winner_structure == 5 and winner_structure == 5)
2F336,tens,(sum(1 for d in combo_digits if d in seed_digits)>=4 and winner<10 and winner_structure == 5 and winner_structure == 5 and winner_structure == 5 and winner_structure == 5),Eliminate based on a custom tens-digit condition.,2/311,keeper,Eliminate if condition holds: (sum(1 for d in combo_digits if d in seed_digits)>=4 and winner<10 and winner_structure == 5 and winner_structure == 5 and winner_structure == 5 and winner_structure == 5)
2F568,tens,(len(set(combo_digits)) == 5),Eliminate based on a custom tens-digit condition.,54/311,keeper,Eliminate if condition holds: (len(set(combo_digits)) == 5)
2F576,tens,"(sorted(Counter(combo_digits).values()) == [2, 2, 1])",Eliminate based on a custom tens-digit condition.,0/311,keeper,"Eliminate if condition holds: (sorted(Counter(combo_digits).values()) == [2, 2, 1])"
2F581,tens,(3 in Counter(combo_digits).values()),Eliminate based on a custom tens-digit condition.,167/311,keeper,Eliminate if condition holds: (3 in Counter(combo_digits).values())
2F584,tens,(3 in Counter(combo_digits).values()),Eliminate based on a custom tens-digit condition.,167/311,keeper,Eliminate if condition holds: (3 in Counter(combo_digits).values())
2F586,tens,"(sorted(Counter(combo_digits).values()) == [2, 2, 1])",Eliminate based on a custom tens-digit condition.,0/311,keeper,"Eliminate if condition holds: (sorted(Counter(combo_digits).values()) == [2, 2, 1])"
2F591,tens,(3 in Counter(combo_digits).values()),Eliminate based on a custom tens-digit condition.,167/311,keeper,Eliminate if condition holds: (3 in Counter(combo_digits).values())
2F592,tens,"(sorted(Counter(combo_digits).values()) == [2, 2, 1])",Eliminate based on a custom tens-digit condition.,0/311,keeper,"Eliminate if condition holds: (sorted(Counter(combo_digits).values()) == [2, 2, 1])"
2F593,tens,"(sorted(Counter(combo_digits).values()) == [2, 2, 1])",Eliminate based on a custom tens-digit condition.,0/311,keeper,"Eliminate if condition holds: (sorted(Counter(combo_digits).values()) == [2, 2, 1])"
2F597,tens,"(sorted(Counter(combo_digits).values()) == [2, 2, 1])",Eliminate based on a custom tens-digit condition.,0/311,keeper,"Eliminate if condition holds: (sorted(Counter(combo_digits).values()) == [2, 2, 1])"
2F599,tens,"(sorted(Counter(combo_digits).values()) == [2, 2, 1])",Eliminate based on a custom tens-digit condition.,0/311,keeper,"Eliminate if condition holds: (sorted(Counter(combo_digits).values()) == [2, 2, 1])"
2F602,tens,"(sorted(Counter(combo_digits).values()) == [2, 2, 1])",Eliminate based on a custom tens-digit condition.,0/311,keeper,"Eliminate if condition holds: (sorted(Counter(combo_digits).values()) == [2, 2, 1])"
2F607,tens,(3 in Counter(combo_digits).values()),Eliminate based on a custom tens-digit condition.,167/311,keeper,Eliminate if condition holds: (3 in Counter(combo_digits).values())
2F609,tens,"(sorted(Counter(combo_digits).values()) == [2, 2, 1])",Eliminate based on a custom tens-digit condition.,0/311,keeper,"Eliminate if condition holds: (sorted(Counter(combo_digits).values()) == [2, 2, 1])"
2F614,tens,"(sorted(Counter(combo_digits).values()) == [2, 2, 1])",Eliminate based on a custom tens-digit condition.,0/311,keeper,"Eliminate if condition holds: (sorted(Counter(combo_digits).values()) == [2, 2, 1])"
2F615,tens,(3 in Counter(combo_digits).values()),Eliminate based on a custom tens-digit condition.,167/311,keeper,Eliminate if condition holds: (3 in Counter(combo_digits).values())
2F619,tens,(3 in Counter(combo_digits).values()),Eliminate based on a custom tens-digit condition.,167/311,keeper,Eliminate if condition holds: (3 in Counter(combo_digits).values())
2F629,tens,(winner < 13),Eliminate based on a custom tens-digit condition.,76/311,keeper,Eliminate if condition holds: (winner < 13)
2F630,tens,(winner < 12),Eliminate based on a custom tens-digit condition.,56/311,keeper,Eliminate if condition holds: (winner < 12)
2F632,tens,(sum(d % 2 == 0 for d in combo_digits) == 1),Eliminate based on a custom tens-digit condition.,1/311,keeper,Eliminate if condition holds: (sum(d % 2 == 0 for d in combo_digits) == 1)
2F635,tens,(winner < 18),Eliminate based on a custom tens-digit condition.,218/311,keeper,Eliminate if condition holds: (winner < 18)
2F636,tens,(winner > 32),Eliminate if the tens sum is greater than 32.,0/311,keeper,Eliminate if condition holds: (winner > 32)
2F644,tens,(winner < 10),Eliminate based on a custom tens-digit condition.,26/311,keeper,Eliminate if condition holds: (winner < 10)
2F646,tens,(winner < 9),Eliminate based on a custom tens-digit condition.,16/311,keeper,Eliminate if condition holds: (winner < 9)
2F648,tens,(winner < 13),Eliminate based on a custom tens-digit condition.,76/311,keeper,Eliminate if condition holds: (winner < 13)
2F649,tens,(winner > 33),Eliminate if the tens sum is greater than 33.,0/311,keeper,Eliminate if condition holds: (winner > 33)
2F653,tens,(winner > 31),Eliminate if the tens sum is greater than 31.,0/311,keeper,Eliminate if condition holds: (winner > 31)
2F655,tens,(winner > 32),Eliminate if the tens sum is greater than 32.,0/311,keeper,Eliminate if condition holds: (winner > 32)
2F657,tens,(winner > 40),Eliminate if the tens sum is greater than 40.,0/311,keeper,Eliminate if condition holds: (winner > 40)
2F659,tens,(winner > 35),Eliminate if the tens sum is greater than 35.,0/311,keeper,Eliminate if condition holds: (winner > 35)
2F661,tens,(winner > 37),Eliminate if the tens sum is greater than 37.,0/311,keeper,Eliminate if condition holds: (winner > 37)
2F664,tens,(winner > 37),Eliminate if the tens sum is greater than 37.,0/311,keeper,Eliminate if condition holds: (winner > 37)
2F671,tens,(winner > 37),Eliminate if the tens sum is greater than 37.,0/311,keeper,Eliminate if condition holds: (winner > 37)
2F674,tens,(winner > 31),Eliminate if the tens sum is greater than 31.,0/311,keeper,Eliminate if condition holds: (winner > 31)
2F679,tens,(winner > 34),Eliminate if the tens sum is greater than 34.,0/311,keeper,Eliminate if condition holds: (winner > 34)
2F680,tens,(winner > 36),Eliminate if the tens sum is greater than 36.,0/311,keeper,Eliminate if condition holds: (winner > 36)
2F685,tens,(winner > 33),Eliminate if the tens sum is greater than 33.,0/311,keeper,Eliminate if condition holds: (winner > 33)
2F692,tens,(winner > 35),Eliminate if the tens sum is greater than 35.,0/311,keeper,Eliminate if condition holds: (winner > 35)
2F695,tens,(sum(d % 2 == 1 for d in combo_digits) == 2),Eliminate based on a custom tens-digit condition.,15/311,keeper,Eliminate if condition holds: (sum(d % 2 == 1 for d in combo_digits) == 2)
2F707,tens,(winner > 31),Eliminate if the tens sum is greater than 31.,0/311,keeper,Eliminate if condition holds: (winner > 31)
2F709,tens,(winner > 35),Eliminate if the tens sum is greater than 35.,0/311,keeper,Eliminate if condition holds: (winner > 35)
31F323,tens,(all(d>=5 for d in combo_digits)),Eliminate based on a custom tens-digit condition.,0/311,keeper,Eliminate if condition holds: (all(d>=5 for d in combo_digits))
32F339,tens,(sum(1 for d in combo_digits if d in seed_digits)>=3 and winner<16 and winner_structure == 5 and winner_structure == 5),Eliminate based on a custom tens-digit condition.,19/311,keeper,Eliminate if condition holds: (sum(1 for d in combo_digits if d in seed_digits)>=3 and winner<16 and winner_structure == 5 and winner_structure == 5)
32F532,tens,((16 <= seed <= 24) and (34 <= winner <= 45)),Eliminate based on a custom tens-digit condition.,0/311,keeper,Eliminate if condition holds: ((16 <= seed <= 24) and (34 <= winner <= 45))
33F245,tens,"(any(set(range(n,n+4)).issubset(set(combo_digits)) for n in range(7))and winner_structure == 5 and winner_structure == 5)",Eliminate based on a custom tens-digit condition.,8/311,keeper,"Eliminate if condition holds: (any(set(range(n,n+4)).issubset(set(combo_digits)) for n in range(7))and winner_structure == 5 and winner_structure == 5)"
346F551,tens,"(any(mirror.get(d,None) in combo_digits for d in combo_digits) and not all(d % 2 == 1 for d in combo_digits))",Eliminate based on a custom tens-digit condition.,305/311,keeper,"Eliminate based on mirror digit relationship ((any(mirror.get(d,None) in combo_digits for d in combo_digits) and not all(d % 2 == 1 for d in combo_digits)))"
34F284,tens,(sum(1 for d in combo_digits if d in seed_digits) >=4 and winner <18 and winner_structure == 5 and winner_structure == 5),Eliminate based on a custom tens-digit condition.,25/311,keeper,Eliminate if condition holds: (sum(1 for d in combo_digits if d in seed_digits) >=4 and winner <18 and winner_structure == 5 and winner_structure == 5)
35F346,tens,(sum(1 for d in combo_digits if d in seed_digits)>=2 and winner<14 and winner_structure == 5 and winner_structure == 5),Eliminate based on a custom tens-digit condition.,9/311,keeper,Eliminate if condition holds: (sum(1 for d in combo_digits if d in seed_digits)>=2 and winner<14 and winner_structure == 5 and winner_structure == 5)
37F285,tens,(sum(1 for d in combo_digits if d in seed_digits) >=4 and winner <17 and winner_structure == 5 and winner_structure == 5),Eliminate based on a custom tens-digit condition.,24/311,keeper,Eliminate if condition holds: (sum(1 for d in combo_digits if d in seed_digits) >=4 and winner <17 and winner_structure == 5 and winner_structure == 5)
39F286,tens,(sum(1 for d in combo_digits if d in seed_digits) >=4 and winner <16 and winner_structure == 5 and winner_structure == 5),Eliminate based on a custom tens-digit condition.,19/311,keeper,Eliminate if condition holds: (sum(1 for d in combo_digits if d in seed_digits) >=4 and winner <16 and winner_structure == 5 and winner_structure == 5)
3F187,tens,(any(v >=4 for v in Counter(combo_digits).values())),Eliminate based on a custom tens-digit condition.,47/311,keeper,Eliminate if condition holds: (any(v >=4 for v in Counter(combo_digits).values()))
3F209,tens,(winner <10 or winner >29),Eliminate if the tens sum is greater than 29.,26/311,keeper,Eliminate if condition holds: (winner <10 or winner >29)
3F211,tens,(winner <7 or winner >26),Eliminate if the tens sum is greater than 26.,4/311,keeper,Eliminate if condition holds: (winner <7 or winner >26)
3F232,tens,(winner==7),Eliminate based on a custom tens-digit condition.,7/311,keeper,Eliminate if condition holds: (winner==7)
3F233,tens,(winner==6),Eliminate based on a custom tens-digit condition.,2/311,keeper,Eliminate if condition holds: (winner==6)
3F291,tens,(sum(1 for d in combo_digits if d in seed_digits) >=5 and winner <21 and winner_structure == 5 and winner_structure == 5),Eliminate based on a custom tens-digit condition.,31/311,keeper,Eliminate if condition holds: (sum(1 for d in combo_digits if d in seed_digits) >=5 and winner <21 and winner_structure == 5 and winner_structure == 5)
3F572,tens,(3 in Counter(combo_digits).values()),Eliminate based on a custom tens-digit condition.,167/311,keeper,Eliminate if condition holds: (3 in Counter(combo_digits).values())
3F580,tens,"(sorted(Counter(combo_digits).values()) == [2, 2, 1])",Eliminate based on a custom tens-digit condition.,0/311,keeper,"Eliminate if condition holds: (sorted(Counter(combo_digits).values()) == [2, 2, 1])"
3F585,tens,"(sorted(Counter(combo_digits).values()) == [2, 2, 1])",Eliminate based on a custom tens-digit condition.,0/311,keeper,"Eliminate if condition holds: (sorted(Counter(combo_digits).values()) == [2, 2, 1])"
3F588,tens,(3 in Counter(combo_digits).values()),Eliminate based on a custom tens-digit condition.,167/311,keeper,Eliminate if condition holds: (3 in Counter(combo_digits).values())
3F598,tens,(3 in Counter(combo_digits).values()),Eliminate based on a custom tens-digit condition.,167/311,keeper,Eliminate if condition holds: (3 in Counter(combo_digits).values())
3F600,tens,(3 in Counter(combo_digits).values()),Eliminate based on a custom tens-digit condition.,167/311,keeper,Eliminate if condition holds: (3 in Counter(combo_digits).values())
3F604,tens,(3 in Counter(combo_digits).values()),Eliminate based on a custom tens-digit condition.,167/311,keeper,Eliminate if condition holds: (3 in Counter(combo_digits).values())
3F640,tens,(sum(d % 2 == 0 for d in combo_digits) == 1),Eliminate based on a custom tens-digit condition.,1/311,keeper,Eliminate if condition holds: (sum(d % 2 == 0 for d in combo_digits) == 1)
3F641,tens,(winner < 14),Eliminate based on a custom tens-digit condition.,101/311,keeper,Eliminate if condition holds: (winner < 14)
3F651,tens,(winner > 36),Eliminate if the tens sum is greater than 36.,0/311,keeper,Eliminate if condition holds: (winner > 36)
3F677,tens,(winner > 34),Eliminate if the tens sum is greater than 34.,0/311,keeper,Eliminate if condition holds: (winner > 34)
3F683,tens,(winner > 36),Eliminate if the tens sum is greater than 36.,0/311,keeper,Eliminate if condition holds: (winner > 36)
3F708,tens,(winner > 23),Eliminate if the tens sum is greater than 23.,5/311,keeper,Eliminate if condition holds: (winner > 23)
40F198,tens,(not any(d in cold_digits for d in combo_digits)),Eliminate based on a custom tens-digit condition.,59/311,keeper,Eliminate if condition holds: (not any(d in cold_digits for d in combo_digits))
42F356,tens,(winner%2==0),Eliminate based on a custom tens-digit condition.,148/311,keeper,Eliminate if condition holds: (winner%2==0)
44F287,tens,(sum(1 for d in combo_digits if d in seed_digits) >=4 and winner <25 and winner_structure == 5 and winner_structure == 5),Eliminate based on a custom tens-digit condition.,31/311,keeper,Eliminate if condition holds: (sum(1 for d in combo_digits if d in seed_digits) >=4 and winner <25 and winner_structure == 5 and winner_structure == 5)
45F541,tens,(winner_structure == 5),Eliminate based on a custom tens-digit condition.,32/311,keeper,Eliminate if condition holds: (winner_structure == 5)
47F338,tens,(sum(1 for d in combo_digits if d in seed_digits)>=3 and winner<17 and winner_structure == 5 and winner_structure == 5),Eliminate based on a custom tens-digit condition.,24/311,keeper,Eliminate if condition holds: (sum(1 for d in combo_digits if d in seed_digits)>=3 and winner<17 and winner_structure == 5 and winner_structure == 5)
4F090,tens,(winner % 10 == 3),Eliminate if the tens sum ends in 3.,34/311,keeper,Eliminate if condition holds: (winner % 10 == 3)
4F228,tens,(winner==40 and seed<30),Eliminate based on a custom tens-digit condition.,0/311,keeper,Eliminate if condition holds: (winner==40 and seed<30)
4F230,tens,(winner==9),Eliminate based on a custom tens-digit condition.,10/311,keeper,Eliminate if condition holds: (winner==9)
4F312,tens,(sum(1 for d in combo_digits if d in seed_digits) >=4 and winner <12 and winner_structure == 5 and winner_structure == 5),Eliminate based on a custom tens-digit condition.,6/311,keeper,Eliminate if condition holds: (sum(1 for d in combo_digits if d in seed_digits) >=4 and winner <12 and winner_structure == 5 and winner_structure == 5)
4F313,tens,(sum(1 for d in combo_digits if d in seed_digits) >=4 and winner <11 and winner_structure == 5 and winner_structure == 5),Eliminate based on a custom tens-digit condition.,5/311,keeper,Eliminate if condition holds: (sum(1 for d in combo_digits if d in seed_digits) >=4 and winner <11 and winner_structure == 5 and winner_structure == 5)
4F565,tens,(len(set(combo_digits).intersection(seed_digits)) > 1),Eliminate based on a custom tens-digit condition.,311/311,keeper,Eliminate if condition holds: (len(set(combo_digits).intersection(seed_digits)) > 1)
4F575,tens,(3 in Counter(combo_digits).values()),Eliminate based on a custom tens-digit condition.,167/311,keeper,Eliminate if condition holds: (3 in Counter(combo_digits).values())
4F618,tens,(len(set(combo_digits)) == 5),Eliminate based on a custom tens-digit condition.,54/311,keeper,Eliminate if condition holds: (len(set(combo_digits)) == 5)
4F626,tens,(sum(d % 2 == 0 for d in combo_digits) == 1),Eliminate based on a custom tens-digit condition.,1/311,keeper,Eliminate if condition holds: (sum(d % 2 == 0 for d in combo_digits) == 1)
4F628,tens,(winner > 25),Eliminate if the tens sum is greater than 25.,2/311,keeper,Eliminate if condition holds: (winner > 25)
50F254,tens,(not (16<=winner<=25)),Eliminate based on a custom tens-digit condition.,167/311,keeper,Eliminate if condition holds: (not (16<=winner<=25))
52F288,tens,(sum(1 for d in combo_digits if d in seed_digits) >=4 and winner <36 and winner_structure == 5 and winner_structure == 5),Eliminate based on a custom tens-digit condition.,32/311,keeper,Eliminate if condition holds: (sum(1 for d in combo_digits if d in seed_digits) >=4 and winner <36 and winner_structure == 5 and winner_structure == 5)
54F289,tens,(sum(1 for d in combo_digits if d in seed_digits) >=4 and winner <37 and winner_structure == 5 and winner_structure == 5),Eliminate based on a custom tens-digit condition.,32/311,keeper,Eliminate if condition holds: (sum(1 for d in combo_digits if d in seed_digits) >=4 and winner <37 and winner_structure == 5 and winner_structure == 5)
56F337,tens,(sum(1 for d in combo_digits if d in seed_digits)>=3 and winner<18 and winner_structure == 5 and winner_structure == 5),Eliminate based on a custom tens-digit condition.,25/311,keeper,Eliminate if condition holds: (sum(1 for d in combo_digits if d in seed_digits)>=3 and winner<18 and winner_structure == 5 and winner_structure == 5)
58F335,tens,"(not any(mirror.get(d,-1) in combo_digits for d in seed_digits) and winner_structure == 5 and winner_structure == 5)",Eliminate based on a custom tens-digit condition.,0/311,keeper,"Eliminate based on mirror digit relationship ((not any(mirror.get(d,-1) in combo_digits for d in seed_digits) and winner_structure == 5 and winner_structure == 5))"
59F255,tens,(not (14<=winner<=24)),Eliminate based on a custom tens-digit condition.,104/311,keeper,Eliminate if condition holds: (not (14<=winner<=24))
59F262,tens,(winner<14 or winner>24),Eliminate based on a custom tens-digit condition.,104/311,keeper,Eliminate if condition holds: (winner<14 or winner>24)
59F332,tens,(winner<14 or winner>24),Eliminate based on a custom tens-digit condition.,104/311,keeper,Eliminate if condition holds: (winner<14 or winner>24)
5F559,tens,"(sorted(Counter(combo_digits).values()) == [2, 3] and any(d in mirror.values() for d in combo_digits) and sum(d <= 4 for d in combo_digits) < 4)",Eliminate based on a custom tens-digit condition.,0/311,keeper,"Eliminate based on mirror digit relationship ((sorted(Counter(combo_digits).values()) == [2, 3] and any(d in mirror.values() for d in combo_digits) and sum(d <= 4 for d in combo_digits) < 4))"
5F566,tens,(len(set(combo_digits).intersection(seed_digits)) > 2),Eliminate based on a custom tens-digit condition.,298/311,keeper,Eliminate if condition holds: (len(set(combo_digits).intersection(seed_digits)) > 2)
5F569,tens,(len(set(combo_digits).intersection(seed_digits)) >= 3),Eliminate based on a custom tens-digit condition.,298/311,keeper,Eliminate if condition holds: (len(set(combo_digits).intersection(seed_digits)) >= 3)
5F570,tens,(list(Counter(combo_digits).values()).count(2) + list(Counter(combo_digits).values()).count(3) > 1),Eliminate based on a custom tens-digit condition.,271/311,keeper,Eliminate if condition holds: (list(Counter(combo_digits).values()).count(2) + list(Counter(combo_digits).values()).count(3) > 1)
5F577,tens,(3 in Counter(combo_digits).values()),Eliminate based on a custom tens-digit condition.,167/311,keeper,Eliminate if condition holds: (3 in Counter(combo_digits).values())
5F578,tens,(3 in Counter(combo_digits).values()),Eliminate based on a custom tens-digit condition.,167/311,keeper,Eliminate if condition holds: (3 in Counter(combo_digits).values())
5F624,tens,(sum(d % 2 == 0 for d in combo_digits) == 2),Eliminate based on a custom tens-digit condition.,5/311,keeper,Eliminate if condition holds: (sum(d % 2 == 0 for d in combo_digits) == 2)
63F186,tens,(any(v >=3 for v in Counter(combo_digits).values())),Eliminate based on a custom tens-digit condition.,204/311,keeper,Eliminate if condition holds: (any(v >=3 for v in Counter(combo_digits).values()))
63F224,tens,"(not any(d in combo_digits for d in [1,3,5]))",Eliminate based on a custom tens-digit condition.,1/311,keeper,"Eliminate if condition holds: (not any(d in combo_digits for d in [1,3,5]))"
63F275,tens,(sum(1 for d in combo_digits if d in seed_digits) >=4 and winner <28 and winner_structure == 5 and winner_structure == 5),Eliminate based on a custom tens-digit condition.,32/311,keeper,Eliminate if condition holds: (sum(1 for d in combo_digits if d in seed_digits) >=4 and winner <28 and winner_structure == 5 and winner_structure == 5)
63F280,tens,(sum(1 for d in combo_digits if d in seed_digits) >=4 and winner <22 and winner_structure == 5 and winner_structure == 5),Eliminate based on a custom tens-digit condition.,31/311,keeper,Eliminate if condition holds: (sum(1 for d in combo_digits if d in seed_digits) >=4 and winner <22 and winner_structure == 5 and winner_structure == 5)
67F274,tens,(sum(1 for d in combo_digits if d in seed_digits) >=4 and winner <29 and winner_structure == 5 and winner_structure == 5),Eliminate based on a custom tens-digit condition.,32/311,keeper,Eliminate if condition holds: (sum(1 for d in combo_digits if d in seed_digits) >=4 and winner <29 and winner_structure == 5 and winner_structure == 5)
67F279,tens,(sum(1 for d in combo_digits if d in seed_digits) >=4 and winner <24 and winner_structure == 5 and winner_structure == 5),Eliminate based on a custom tens-digit condition.,31/311,keeper,Eliminate if condition holds: (sum(1 for d in combo_digits if d in seed_digits) >=4 and winner <24 and winner_structure == 5 and winner_structure == 5)
6F058,tens,(winner % 10 == 8),Eliminate if the tens sum ends in 8.,19/311,keeper,Eliminate if condition holds: (winner % 10 == 8)
6F205,tens,(winner <8 or winner >28),Eliminate if the tens sum is greater than 28.,11/311,keeper,Eliminate if condition holds: (winner <8 or winner >28)
6F257,tens,(not (12<=winner<=25)),Eliminate based on a custom tens-digit condition.,58/311,keeper,Eliminate if condition holds: (not (12<=winner<=25))
6F266,tens,(winner%10==0),Eliminate based on a custom tens-digit condition.,34/311,keeper,Eliminate if condition holds: (winner%10==0)
6F311,tens,(sum(1 for d in combo_digits if d in seed_digits) >=4 and winner <13 and winner_structure == 5 and winner_structure == 5),Eliminate based on a custom tens-digit condition.,9/311,keeper,Eliminate if condition holds: (sum(1 for d in combo_digits if d in seed_digits) >=4 and winner <13 and winner_structure == 5 and winner_structure == 5)
6F321,tens,(not any(d in cold_digits for d in combo_digits)),Eliminate based on a custom tens-digit condition.,59/311,keeper,Eliminate if condition holds: (not any(d in cold_digits for d in combo_digits))
6F560,tens,(len(set(combo_digits).intersection(seed_digits)) == 1 and winner < 14),Eliminate based on a custom tens-digit condition.,0/311,keeper,Eliminate if condition holds: (len(set(combo_digits).intersection(seed_digits)) == 1 and winner < 14)
70F270,tens,(sum(1 for d in combo_digits if d in seed_digits) >=4 and winner <33 and winner_structure == 5 and winner_structure == 5),Eliminate based on a custom tens-digit condition.,32/311,keeper,Eliminate if condition holds: (sum(1 for d in combo_digits if d in seed_digits) >=4 and winner <33 and winner_structure == 5 and winner_structure == 5)
70F273,tens,(sum(1 for d in combo_digits if d in seed_digits) >=4 and winner <30 and winner_structure == 5 and winner_structure == 5),Eliminate based on a custom tens-digit condition.,32/311,keeper,Eliminate if condition holds: (sum(1 for d in combo_digits if d in seed_digits) >=4 and winner <30 and winner_structure == 5 and winner_structure == 5)
70F278,tens,(sum(1 for d in combo_digits if d in seed_digits) >=4 and winner <26 and winner_structure == 5 and winner_structure == 5),Eliminate based on a custom tens-digit condition.,31/311,keeper,Eliminate if condition holds: (sum(1 for d in combo_digits if d in seed_digits) >=4 and winner <26 and winner_structure == 5 and winner_structure == 5)
71F190,tens,(int(str(winner)[-1]) == int(str(seed)[0])),Eliminate based on a custom tens-digit condition.,24/311,keeper,Eliminate if condition holds: (int(str(winner)[-1]) == int(str(seed)[0]))
71F220,tens,"(not any(d in combo_digits for d in [2,3,4]))",Eliminate based on a custom tens-digit condition.,1/311,keeper,"Eliminate if condition holds: (not any(d in combo_digits for d in [2,3,4]))"
71F249,tens,(1 not in combo_digits and 2 not in combo_digits and 3 not in combo_digits),Eliminate based on a custom tens-digit condition.,2/311,keeper,Eliminate if condition holds: (1 not in combo_digits and 2 not in combo_digits and 3 not in combo_digits)
71F250,tens,(2 not in combo_digits and 3 not in combo_digits and 4 not in combo_digits),Eliminate based on a custom tens-digit condition.,1/311,keeper,Eliminate if condition holds: (2 not in combo_digits and 3 not in combo_digits and 4 not in combo_digits)
74F269,tens,(sum(1 for d in combo_digits if d in seed_digits) >=4 and winner <34 and winner_structure == 5 and winner_structure == 5),Eliminate based on a custom tens-digit condition.,32/311,keeper,Eliminate if condition holds: (sum(1 for d in combo_digits if d in seed_digits) >=4 and winner <34 and winner_structure == 5 and winner_structure == 5)
74F272,tens,(sum(1 for d in combo_digits if d in seed_digits) >=4 and winner <31 and winner_structure == 5 and winner_structure == 5),Eliminate based on a custom tens-digit condition.,32/311,keeper,Eliminate if condition holds: (sum(1 for d in combo_digits if d in seed_digits) >=4 and winner <31 and winner_structure == 5 and winner_structure == 5)
74F277,tens,(sum(1 for d in combo_digits if d in seed_digits) >=4 and winner <35 and winner_structure == 5 and winner_structure == 5),Eliminate based on a custom tens-digit condition.,32/311,keeper,Eliminate if condition holds: (sum(1 for d in combo_digits if d in seed_digits) >=4 and winner <35 and winner_structure == 5 and winner_structure == 5)
75F271,tens,(sum(1 for d in combo_digits if d in seed_digits) >=4 and winner <32 and winner_structure == 5 and winner_structure == 5),Eliminate based on a custom tens-digit condition.,32/311,keeper,Eliminate if condition holds: (sum(1 for d in combo_digits if d in seed_digits) >=4 and winner <32 and winner_structure == 5 and winner_structure == 5)
75F276,tens,(sum(1 for d in combo_digits if d in seed_digits) >=4 and winner <27 and winner_structure == 5 and winner_structure == 5),Eliminate based on a custom tens-digit condition.,32/311,keeper,Eliminate if condition holds: (sum(1 for d in combo_digits if d in seed_digits) >=4 and winner <27 and winner_structure == 5 and winner_structure == 5)
76F309,tens,(sum(1 for d in combo_digits if d in seed_digits) >=4 and winner <39 and winner_structure == 5 and winner_structure == 5),Eliminate based on a custom tens-digit condition.,32/311,keeper,Eliminate if condition holds: (sum(1 for d in combo_digits if d in seed_digits) >=4 and winner <39 and winner_structure == 5 and winner_structure == 5)
77F308,tens,(sum(1 for d in combo_digits if d in seed_digits) >=4 and winner <40 and winner_structure == 5 and winner_structure == 5),Eliminate based on a custom tens-digit condition.,32/311,keeper,Eliminate if condition holds: (sum(1 for d in combo_digits if d in seed_digits) >=4 and winner <40 and winner_structure == 5 and winner_structure == 5)
78F221,tens,"(not any(d in combo_digits for d in [1,2,3]))",Eliminate based on a custom tens-digit condition.,2/311,keeper,"Eliminate if condition holds: (not any(d in combo_digits for d in [1,2,3]))"
78F303,tens,(sum(1 for d in combo_digits if d in seed_digits) >=4 and winner <45 and winner_structure == 5 and winner_structure == 5),Eliminate based on a custom tens-digit condition.,32/311,keeper,Eliminate if condition holds: (sum(1 for d in combo_digits if d in seed_digits) >=4 and winner <45 and winner_structure == 5 and winner_structure == 5)
78F304,tens,(sum(1 for d in combo_digits if d in seed_digits) >=4 and winner <44 and winner_structure == 5 and winner_structure == 5),Eliminate based on a custom tens-digit condition.,32/311,keeper,Eliminate if condition holds: (sum(1 for d in combo_digits if d in seed_digits) >=4 and winner <44 and winner_structure == 5 and winner_structure == 5)
78F305,tens,(sum(1 for d in combo_digits if d in seed_digits) >=4 and winner <43 and winner_structure == 5 and winner_structure == 5),Eliminate based on a custom tens-digit condition.,32/311,keeper,Eliminate if condition holds: (sum(1 for d in combo_digits if d in seed_digits) >=4 and winner <43 and winner_structure == 5 and winner_structure == 5)
78F306,tens,(sum(1 for d in combo_digits if d in seed_digits) >=4 and winner <42 and winner_structure == 5 and winner_structure == 5),Eliminate based on a custom tens-digit condition.,32/311,keeper,Eliminate if condition holds: (sum(1 for d in combo_digits if d in seed_digits) >=4 and winner <42 and winner_structure == 5 and winner_structure == 5)
78F307,tens,(sum(1 for d in combo_digits if d in seed_digits) >=4 and winner <41 and winner_structure == 5 and winner_structure == 5),Eliminate based on a custom tens-digit condition.,32/311,keeper,Eliminate if condition holds: (sum(1 for d in combo_digits if d in seed_digits) >=4 and winner <41 and winner_structure == 5 and winner_structure == 5)
7F059,tens,(winner % 10 == 8),Eliminate if the tens sum ends in 8.,19/311,keeper,Eliminate if condition holds: (winner % 10 == 8)
7F179,tens,(winner % 10 == 1),Eliminate if the tens sum ends in 1.,23/311,keeper,Eliminate if condition holds: (winner % 10 == 1)
7F623,tens,(winner < 20),Eliminate based on a custom tens-digit condition.,263/311,keeper,Eliminate if condition holds: (winner < 20)
81F251,tens,(5 not in combo_digits and 4 not in combo_digits),Eliminate based on a custom tens-digit condition.,20/311,keeper,Eliminate if condition holds: (5 not in combo_digits and 4 not in combo_digits)
87F722,tens,(len(set(seed_digits_1).intersection(seed_digits_2).intersection(combo_digits)) >= 2),Eliminate based on a custom tens-digit condition.,0/311,keeper,Eliminate if condition holds: (len(set(seed_digits_1).intersection(seed_digits_2).intersection(combo_digits)) >= 2)
8F060,tens,(winner % 10 == 7),Eliminate if the tens sum ends in 7.,30/311,keeper,Eliminate if condition holds: (winner % 10 == 7)
8F226,tens,(winner==10),Eliminate based on a custom tens-digit condition.,16/311,keeper,Eliminate if condition holds: (winner==10)
8F344,tens,(sum(1 for d in combo_digits if d in seed_digits)>=3 and winner<11 and winner_structure == 5 and winner_structure == 5),Eliminate based on a custom tens-digit condition.,5/311,keeper,Eliminate if condition holds: (sum(1 for d in combo_digits if d in seed_digits)>=3 and winner<11 and winner_structure == 5 and winner_structure == 5)
8F345,tens,(sum(1 for d in combo_digits if d in seed_digits)>=3 and winner<10 and winner_structure == 5 and winner_structure == 5),Eliminate based on a custom tens-digit condition.,2/311,keeper,Eliminate if condition holds: (sum(1 for d in combo_digits if d in seed_digits)>=3 and winner<10 and winner_structure == 5 and winner_structure == 5)
8F562,tens,(len(set(combo_digits).intersection(seed_digits)) == 1 and all(d % 2 == 1 for d in combo_digits)),Eliminate based on a custom tens-digit condition.,0/311,keeper,Eliminate if condition holds: (len(set(combo_digits).intersection(seed_digits)) == 1 and all(d % 2 == 1 for d in combo_digits))
91F180,tens,(sum(1 for d in combo_digits if d in seed_digits) >=5 and winner <22 and winner_structure == 5 and winner_structure == 5),Eliminate based on a custom tens-digit condition.,31/311,keeper,Eliminate if condition holds: (sum(1 for d in combo_digits if d in seed_digits) >=5 and winner <22 and winner_structure == 5 and winner_structure == 5)
9F343,tens,(sum(1 for d in combo_digits if d in seed_digits)>=3 and winner<12 and winner_structure == 5 and winner_structure == 5),Eliminate based on a custom tens-digit condition.,6/311,keeper,Eliminate if condition holds: (sum(1 for d in combo_digits if d in seed_digits)>=3 and winner<12 and winner_structure == 5 and winner_structure == 5)
9F350,tens,(sum(1 for d in combo_digits if d in seed_digits)>=2 and winner<10 and winner_structure == 5 and winner_structure == 5),Eliminate based on a custom tens-digit condition.,2/311,keeper,Eliminate if condition holds: (sum(1 for d in combo_digits if d in seed_digits)>=2 and winner<10 and winner_structure == 5 and winner_structure == 5)
F723,tens,(str(winner)[-1] == str(seed)[-1]),Eliminate based on a custom tens-digit condition.,33/311,keeper,Eliminate if condition holds: (str(winner)[-1] == str(seed)[-1])
F724,tens,(((seed % 9 or 9) % 3 == 0) and (((seed % 9 or 9) // 3) in combo_digits)),Eliminate based on a custom tens-digit condition.,61/311,keeper,Eliminate if condition holds: (((seed % 9 or 9) % 3 == 0) and (((seed % 9 or 9) // 3) in combo_digits))
F724C,tens,((((seed % 9 or 9) % 3 == 0) and (((seed % 9 or 9) // 3) in combo_digits))),Eliminate based on a custom tens-digit condition.,61/311,keeper,Eliminate if condition holds: ((((seed % 9 or 9) % 3 == 0) and (((seed % 9 or 9) // 3) in combo_digits)))
F725,tens,((winner % 9 or 9) == (seed % 9 or 9)),Eliminate based on a custom tens-digit condition.,35/311,keeper,Eliminate if condition holds: ((winner % 9 or 9) == (seed % 9 or 9))
F726,tens,(max(seed_digits) - min(seed_digits) == (winner % 9 or 9)),Eliminate based on a custom tens-digit condition.,27/311,keeper,Eliminate if condition holds: (max(seed_digits) - min(seed_digits) == (winner % 9 or 9))
F727,tens,"((abs(winner - round((seed**0.5) * 1.5, 2)) <= 2))",Eliminate based on a custom tens-digit condition.,11/311,keeper,"Eliminate if condition holds: ((abs(winner - round((seed**0.5) * 1.5, 2)) <= 2))"
F728,tens,"((abs(winner - round((seed**0.5) * 2.0, 2)) <= 2))",Eliminate based on a custom tens-digit condition.,35/311,keeper,"Eliminate if condition holds: ((abs(winner - round((seed**0.5) * 2.0, 2)) <= 2))"
F729,tens,"((abs(winner - round((seed**0.5) * 2.5, 2)) <= 2))",Eliminate based on a custom tens-digit condition.,55/311,keeper,"Eliminate if condition holds: ((abs(winner - round((seed**0.5) * 2.5, 2)) <= 2))"
F730,tens,"((abs(winner - round((seed**0.5) * 3.0, 2)) <= 2))",Eliminate based on a custom tens-digit condition.,74/311,keeper,"Eliminate if condition holds: ((abs(winner - round((seed**0.5) * 3.0, 2)) <= 2))"
N015F538,tens,((0 <= seed <= 15) and (0 <= winner <= 15)),Eliminate based on a custom tens-digit condition.,86/311,keeper,Eliminate if condition holds: ((0 <= seed <= 15) and (0 <= winner <= 15))
NEWF725,tens,(5 not in combo_digits and 8 not in combo_digits and 5 not in combo_digits),Eliminate based on a custom tens-digit condition.,57/311,keeper,Eliminate if condition holds: (5 not in combo_digits and 8 not in combo_digits and 5 not in combo_digits)
NO101F189,tens,(not any(d in due_digits for d in combo_digits)),Eliminate based on a custom tens-digit condition.,104/311,keeper,Eliminate if condition holds: (not any(d in due_digits for d in combo_digits))
NO101F316R,tens,(abs(winner - seed) > 13),Eliminate based on a custom tens-digit condition.,5/311,keeper,Eliminate if condition holds: (abs(winner - seed) > 13)
NO110F721,tens,(len(set(combo_digits) & set(seed_digits)) > 2),Eliminate based on a custom tens-digit condition.,298/311,keeper,Eliminate if condition holds: (len(set(combo_digits) & set(seed_digits)) > 2)
NO114F248,tens,(5 not in combo_digits and 4 not in combo_digits),Eliminate based on a custom tens-digit condition.,20/311,keeper,Eliminate if condition holds: (5 not in combo_digits and 4 not in combo_digits)
NO118F322,tens,(abs((max(combo_digits)-min(combo_digits)) - (max(seed_digits)-min(seed_digits)))>3),Eliminate if the spread (highest - lowest digit) is less than 4 and the tens sum equals 5.,13/311,keeper,Eliminate if condition holds: (abs((max(combo_digits)-min(combo_digits)) - (max(seed_digits)-min(seed_digits)))>3)
NO123F252,tens,(not (20<=winner<=28)),Eliminate based on a custom tens-digit condition.,263/311,keeper,Eliminate if condition holds: (not (20<=winner<=28))
NO124F181,tens,(25 <= winner <= 33),Eliminate based on a custom tens-digit condition.,3/311,keeper,Eliminate if condition holds: (25 <= winner <= 33)
NO124F539,tens,(not any(d in hot_digits for d in combo_digits)),Eliminate based on a custom tens-digit condition.,68/311,keeper,Eliminate if condition holds: (not any(d in hot_digits for d in combo_digits))
NO135F215,tens,(all(v in combo_vtracs for v in seed_vtracs)),Eliminate based on a custom tens-digit condition.,168/311,keeper,Eliminate if condition holds: (all(v in combo_vtracs for v in seed_vtracs))
NO139F202,tens,(all(d >=3 for d in combo_digits)),Eliminate based on a custom tens-digit condition.,0/311,keeper,Eliminate if condition holds: (all(d >=3 for d in combo_digits))
NO142F551D,tens,"(not any(mirror.get(d,None) in combo_digits for d in combo_digits))",Eliminate based on a custom tens-digit condition.,6/311,keeper,"Eliminate based on mirror digit relationship ((not any(mirror.get(d,None) in combo_digits for d in combo_digits)))"
NO15F188,tens,"(winner == sum(mirror.get(int(x),int(x)) for x in str(seed)))","Eliminate if the tens sum equals sum(mirror.get(int(x),int(x)) for x in str(seed.",17/311,keeper,"Eliminate based on mirror digit relationship ((winner == sum(mirror.get(int(x),int(x)) for x in str(seed))))"
NO16F333,tens,"(winner==sum(mirror.get(int(x),int(x)) for x in str(seed)))",Eliminate based on a custom tens-digit condition.,17/311,keeper,"Eliminate based on mirror digit relationship ((winner==sum(mirror.get(int(x),int(x)) for x in str(seed))))"
NO172F550S,tens,"(any(mirror.get(d,None) in combo_digits for d in combo_digits) and sum(1 for d in combo_digits if d <= 4) < 4)",Eliminate based on a custom tens-digit condition.,9/311,keeper,"Eliminate based on mirror digit relationship ((any(mirror.get(d,None) in combo_digits for d in combo_digits) and sum(1 for d in combo_digits if d <= 4) < 4))"
NO177F318,tens,(sum(d%2 for d in combo_digits)==sum(d%2 for d in seed_digits)),Eliminate based on a custom tens-digit condition.,65/311,keeper,Eliminate if condition holds: (sum(d%2 for d in combo_digits)==sum(d%2 for d in seed_digits))
NO177F319,tens,(5 - sum(d%2 for d in combo_digits) == 5 - sum(d%2 for d in seed_digits)),Eliminate based on a custom tens-digit condition.,65/311,keeper,Eliminate if condition holds: (5 - sum(d%2 for d in combo_digits) == 5 - sum(d%2 for d in seed_digits))
NO177F547,tens,(sum(d in due_digits for d in combo_digits) > 2),Eliminate based on a custom tens-digit condition.,49/311,keeper,Eliminate if condition holds: (sum(d in due_digits for d in combo_digits) > 2)
NO188F540,tens,(sum(d in hot_digits for d in combo_digits) < 2),Eliminate based on a custom tens-digit condition.,161/311,keeper,Eliminate if condition holds: (sum(d in hot_digits for d in combo_digits) < 2)
NO204F203,tens,(sum(1 for d in combo_digits if d >=8) >=2),Eliminate based on a custom tens-digit condition.,84/311,keeper,Eliminate if condition holds: (sum(1 for d in combo_digits if d >=8) >=2)
NO20F329,tens,(winner<12 or winner>25),Eliminate based on a custom tens-digit condition.,58/311,keeper,Eliminate if condition holds: (winner<12 or winner>25)
NO21F551S,tens,"(len(set(combo_digits)) == 5 and not any(mirror.get(d,None) in combo_digits for d in combo_digits))",Eliminate based on a custom tens-digit condition.,6/311,keeper,"Eliminate based on mirror digit relationship ((len(set(combo_digits)) == 5 and not any(mirror.get(d,None) in combo_digits for d in combo_digits)))"
NO25F556,tens,(len(set(combo_digits)) > 3 and all(d not in mirror.values() for d in combo_digits) and (max(combo_digits) - min(combo_digits) <= 4)),Eliminate if the spread (highest - lowest digit) is less than 4 and the tens sum equals 5.,0/311,keeper,Eliminate based on mirror digit relationship ((len(set(combo_digits)) > 3 and all(d not in mirror.values() for d in combo_digits) and (max(combo_digits) - min(combo_digits) <= 4)))
NO262F184,tens,"(not any(mirror.get(d, None) in combo_digits for d in combo_digits))",Eliminate based on a custom tens-digit condition.,6/311,keeper,"Eliminate based on mirror digit relationship ((not any(mirror.get(d, None) in combo_digits for d in combo_digits)))"
NO27F535,tens,((16 <= seed <= 24) and (0 <= winner <= 15)),Eliminate based on a custom tens-digit condition.,77/311,keeper,Eliminate if condition holds: ((16 <= seed <= 24) and (0 <= winner <= 15))
NO296F355,tens,"(any(d == mirror.get(int(str(seed)[-1]),-1) for d in combo_digits))",Eliminate based on a custom tens-digit condition.,211/311,keeper,"Eliminate based on mirror digit relationship ((any(d == mirror.get(int(str(seed)[-1]),-1) for d in combo_digits)))"
NO296F549,tens,"(any(mirror.get(d,None) in combo_digits for d in combo_digits) and max(combo_digits) - min(combo_digits) > 4)",Eliminate if the spread (highest - lowest digit) is less than 4 and the tens sum equals 5.,305/311,keeper,"Eliminate based on mirror digit relationship ((any(mirror.get(d,None) in combo_digits for d in combo_digits) and max(combo_digits) - min(combo_digits) > 4))"
NO30F256,tens,(not (14<=winner<=22)),Eliminate based on a custom tens-digit condition.,115/311,keeper,Eliminate if condition holds: (not (14<=winner<=22))
NO30F263,tens,(winner<14 or winner>22),Eliminate based on a custom tens-digit condition.,115/311,keeper,Eliminate if condition holds: (winner<14 or winner>22)
NO30F267,tens,(winner<14 or winner>22),Eliminate based on a custom tens-digit condition.,115/311,keeper,Eliminate if condition holds: (winner<14 or winner>22)
NO30F326,tens,(all(d%2==0 for d in combo_digits)),Eliminate based on a custom tens-digit condition.,0/311,keeper,Eliminate if condition holds: (all(d%2==0 for d in combo_digits))
NO33F182,tens,(winner <= 15),Eliminate based on a custom tens-digit condition.,165/311,keeper,Eliminate if condition holds: (winner <= 15)
NO35F260,tens,(winner<19 or winner>25),Eliminate based on a custom tens-digit condition.,234/311,keeper,Eliminate if condition holds: (winner<19 or winner>25)
NO35F327,tens,(winner<19 or winner>25),Eliminate based on a custom tens-digit condition.,234/311,keeper,Eliminate if condition holds: (winner<19 or winner>25)
NO35F330,tens,(winner<19 or winner>25),Eliminate based on a custom tens-digit condition.,234/311,keeper,Eliminate if condition holds: (winner<19 or winner>25)
NO367F550,tens,"(any(mirror.get(d,None) in combo_digits for d in combo_digits) and sum(1 for d in combo_digits if d <= 4) < 4)",Eliminate based on a custom tens-digit condition.,9/311,keeper,"Eliminate based on mirror digit relationship ((any(mirror.get(d,None) in combo_digits for d in combo_digits) and sum(1 for d in combo_digits if d <= 4) < 4))"
NO41F553,tens,"(not any(mirror.get(d,None) in combo_digits for d in combo_digits) and sum(1 for d in combo_digits if d <= 4) >= 4)",Eliminate based on a custom tens-digit condition.,6/311,keeper,"Eliminate based on mirror digit relationship ((not any(mirror.get(d,None) in combo_digits for d in combo_digits) and sum(1 for d in combo_digits if d <= 4) >= 4))"
NO44F320,tens,(winner>25 and sum(1 for d in combo_digits if d in seed_digits)<3),Eliminate based on a custom tens-digit condition.,0/311,keeper,Eliminate if condition holds: (winner>25 and sum(1 for d in combo_digits if d in seed_digits)<3)
NO467F354,tens,"(any(mirror.get(d,-1) in combo_digits for d in combo_digits))",Eliminate based on a custom tens-digit condition.,305/311,keeper,"Eliminate based on mirror digit relationship ((any(mirror.get(d,-1) in combo_digits for d in combo_digits)))"
NO4F225,tens,(winner==37 and seed<30),Eliminate based on a custom tens-digit condition.,0/311,keeper,Eliminate if condition holds: (winner==37 and seed<30)
NO50F331,tens,(winner<16 or winner>25),Eliminate based on a custom tens-digit condition.,167/311,keeper,Eliminate if condition holds: (winner<16 or winner>25)
NO55F290,tens,(sum(1 for d in combo_digits if d in seed_digits) >=4 and winner <38 and winner_structure == 5 and winner_structure == 5),Eliminate based on a custom tens-digit condition.,32/311,keeper,Eliminate if condition holds: (sum(1 for d in combo_digits if d in seed_digits) >=4 and winner <38 and winner_structure == 5 and winner_structure == 5)
NO659F314,tens,(abs(winner - seed) <=15),Eliminate based on a custom tens-digit condition.,311/311,keeper,Eliminate if condition holds: (abs(winner - seed) <=15)
NO67F317,tens,(sum(int(d) for d in str(winner)) == sum(int(d) for d in str(seed))),Eliminate based on a custom tens-digit condition.,31/311,keeper,Eliminate if condition holds: (sum(int(d) for d in str(winner)) == sum(int(d) for d in str(seed)))
NO69F314R,tens,(abs(winner - seed) > 15),Eliminate based on a custom tens-digit condition.,0/311,keeper,Eliminate if condition holds: (abs(winner - seed) > 15)
NO6F191,tens,(winner <8 or winner >28),Eliminate if the tens sum is greater than 28.,11/311,keeper,Eliminate if condition holds: (winner <8 or winner >28)
NO70F315R,tens,(abs(winner - seed) > 14),Eliminate based on a custom tens-digit condition.,1/311,keeper,Eliminate if condition holds: (abs(winner - seed) > 14)
NO71F201,tens,(1 not in combo_digits and 2 not in combo_digits and 3 not in combo_digits),Eliminate based on a custom tens-digit condition.,2/311,keeper,Eliminate if condition holds: (1 not in combo_digits and 2 not in combo_digits and 3 not in combo_digits)
NO75F196,tens,"(not any(d in combo_digits for d in [1,2,3]))",Eliminate based on a custom tens-digit condition.,2/311,keeper,"Eliminate if condition holds: (not any(d in combo_digits for d in [1,2,3]))"
NO78F720,tens,(sum(1 for d in combo_digits if d in seed_digits) > 3),Eliminate based on a custom tens-digit condition.,303/311,keeper,Eliminate if condition holds: (sum(1 for d in combo_digits if d in seed_digits) > 3)
NO81F217,tens,(len(set(combo_vtracs))<=2),Eliminate based on a custom tens-digit condition.,0/311,keeper,Eliminate if condition holds: (len(set(combo_vtracs))<=2)
NO82F185,tens,"(len(set(combo_digits)) == 3 and sorted(Counter(combo_digits).values())==[1,2,2])",Eliminate based on a custom tens-digit condition.,0/311,keeper,"Eliminate if condition holds: (len(set(combo_digits)) == 3 and sorted(Counter(combo_digits).values())==[1,2,2])"
NO9F244,tens,(winner==34 and seed<30),Eliminate based on a custom tens-digit condition.,0/311,keeper,Eliminate if condition holds: (winner==34 and seed<30)
NVR290F200,tens,"(any(d == mirror.get(int(str(seed)[-1]),-1) for d in combo_digits))",Eliminate based on a custom tens-digit condition.,211/311,keeper,"Eliminate based on mirror digit relationship ((any(d == mirror.get(int(str(seed)[-1]),-1) for d in combo_digits)))"
NVR617F316,tens,(abs(winner - seed) <=13),Eliminate based on a custom tens-digit condition.,306/311,keeper,Eliminate if condition holds: (abs(winner - seed) <=13)
NVR643F315,tens,(abs(winner - seed) <=14),Eliminate based on a custom tens-digit condition.,310/311,keeper,Eliminate if condition holds: (abs(winner - seed) <=14)
Nvr390F548,tens,"(any(mirror.get(d,None) in combo_digits for d in combo_digits))",Eliminate based on a custom tens-digit condition.,305/311,keeper,"Eliminate based on mirror digit relationship ((any(mirror.get(d,None) in combo_digits for d in combo_digits)))"
REV_123F328_tens,tens,(winner>=20 or winner<=28),Eliminate based on a custom tens-digit condition.,263/311,reversed,Eliminate if condition holds: (winner>=20 or winner<=28)
REV_142F213_tens,tens,(winner >=25 and sum(1 for d in combo_digits if d in seed_digits) <3),Eliminate if the tens sum is greater than =25 and sum(1 for d in combo_digits if d in seed_digits) <3.,306/311,reversed,Eliminate if condition holds: (winner >=25 and sum(1 for d in combo_digits if d in seed_digits) <3)
REV_1F605_tens,tens,(len(set(combo_digits).intersection(seed_digits)) <= 3),Eliminate based on a custom tens-digit condition.,242/311,reversed,Eliminate if condition holds: (len(set(combo_digits).intersection(seed_digits)) <= 3)
REV_1F606_tens,tens,(len(set(combo_digits).intersection(seed_digits)) <= 3),Eliminate based on a custom tens-digit condition.,242/311,reversed,Eliminate if condition holds: (len(set(combo_digits).intersection(seed_digits)) <= 3)
REV_1F617_tens,tens,(len(set(combo_digits).intersection(seed_digits)) <= 3),Eliminate based on a custom tens-digit condition.,242/311,reversed,Eliminate if condition holds: (len(set(combo_digits).intersection(seed_digits)) <= 3)
REV_20F253_tens,tens,(not (19>winner>25)),Eliminate based on a custom tens-digit condition.,234/311,reversed,Eliminate if condition holds: (not (19>winner>25))
REV_254F555_tens,tens,(sum(1 for d in combo_digits if mirror.get(d) in combo_digits) < 4),Eliminate based on a custom tens-digit condition.,262/311,reversed,Eliminate based on mirror digit relationship ((sum(1 for d in combo_digits if mirror.get(d) in combo_digits) < 4))
REV_346F551_tens,tens,"(any(mirror.get(d,None) in combo_digits for d in combo_digits) and not all(d % 2 != 1 for d in combo_digits))",Eliminate based on a custom tens-digit condition.,305/311,reversed,"Eliminate based on mirror digit relationship ((any(mirror.get(d,None) in combo_digits for d in combo_digits) and not all(d % 2 != 1 for d in combo_digits)))"
REV_4F565_tens,tens,(len(set(combo_digits).intersection(seed_digits)) <= 1),Eliminate based on a custom tens-digit condition.,311/311,reversed,Eliminate if condition holds: (len(set(combo_digits).intersection(seed_digits)) <= 1)
REV_5F566_tens,tens,(len(set(combo_digits).intersection(seed_digits)) <= 2),Eliminate based on a custom tens-digit condition.,298/311,reversed,Eliminate if condition holds: (len(set(combo_digits).intersection(seed_digits)) <= 2)
REV_5F569_tens,tens,(len(set(combo_digits).intersection(seed_digits)) < 3),Eliminate based on a custom tens-digit condition.,298/311,reversed,Eliminate if condition holds: (len(set(combo_digits).intersection(seed_digits)) < 3)
REV_5F570_tens,tens,(list(Counter(combo_digits).values()).count(2) + list(Counter(combo_digits).values()).count(3) <= 1),Eliminate based on a custom tens-digit condition.,271/311,reversed,Eliminate if condition holds: (list(Counter(combo_digits).values()).count(2) + list(Counter(combo_digits).values()).count(3) <= 1)
REV_7F623_tens,tens,(winner >= 20),Eliminate if the tens sum is greater than = 20.,263/311,reversed,Eliminate if condition holds: (winner >= 20)
REV_NO123F252_tens,tens,(not (20>winner>28)),Eliminate based on a custom tens-digit condition.,263/311,reversed,Eliminate if condition holds: (not (20>winner>28))
REV_NO296F549_tens,tens,"(any(mirror.get(d,None) in combo_digits for d in combo_digits) and max(combo_digits) - min(combo_digits) <= 4)",Eliminate if the spread (highest - lowest digit) is less than 4 and the tens sum equals 5.,305/311,reversed,"Eliminate based on mirror digit relationship ((any(mirror.get(d,None) in combo_digits for d in combo_digits) and max(combo_digits) - min(combo_digits) <= 4))"
REV_NO35F260_tens,tens,(winner>=19 or winner<=25),Eliminate based on a custom tens-digit condition.,234/311,reversed,Eliminate if condition holds: (winner>=19 or winner<=25)
REV_NO35F327_tens,tens,(winner>=19 or winner<=25),Eliminate based on a custom tens-digit condition.,234/311,reversed,Eliminate if condition holds: (winner>=19 or winner<=25)
REV_NO35F330_tens,tens,(winner>=19 or winner<=25),Eliminate based on a custom tens-digit condition.,234/311,reversed,Eliminate if condition holds: (winner>=19 or winner<=25)
REV_NO467F354_tens,tens,"(any(mirror.get(d,-1) in combo_digits for d in combo_digits))",Eliminate based on a custom tens-digit condition.,305/311,reversed,"Eliminate based on mirror digit relationship ((any(mirror.get(d,-1) in combo_digits for d in combo_digits)))"
REV_NO659F314_tens,tens,(abs(winner - seed) >15),Eliminate based on a custom tens-digit condition.,311/311,reversed,Eliminate if condition holds: (abs(winner - seed) >15)
REV_NO78F720_tens,tens,(sum(1 for d in combo_digits if d in seed_digits) <= 3),Eliminate based on a custom tens-digit condition.,303/311,reversed,Eliminate if condition holds: (sum(1 for d in combo_digits if d in seed_digits) <= 3)
REV_NVR617F316_tens,tens,(abs(winner - seed) >13),Eliminate based on a custom tens-digit condition.,306/311,reversed,Eliminate if condition holds: (abs(winner - seed) >13)
REV_NVR643F315_tens,tens,(abs(winner - seed) >14),Eliminate based on a custom tens-digit condition.,310/311,reversed,Eliminate if condition holds: (abs(winner - seed) >14)
REV_Nvr390F548_tens,tens,"(any(mirror.get(d,None) in combo_digits for d in combo_digits))",Eliminate based on a custom tens-digit condition.,305/311,reversed,"Eliminate based on mirror digit relationship ((any(mirror.get(d,None) in combo_digits for d in combo_digits)))"
